-- phpMyAdmin SQL Dump
-- version 3.3.8.1
-- http://www.phpmyadmin.net
--
-- 主机: w.rdc.sae.sina.com.cn:3307
-- 生成日期: 2014 年 09 月 01 日 21:55
-- 服务器版本: 5.5.27
-- PHP 版本: 5.3.3

SET SQL_MODE="NO_AUTO_VALUE_ON_ZERO";


/*!40101 SET @OLD_CHARACTER_SET_CLIENT=@@CHARACTER_SET_CLIENT */;
/*!40101 SET @OLD_CHARACTER_SET_RESULTS=@@CHARACTER_SET_RESULTS */;
/*!40101 SET @OLD_COLLATION_CONNECTION=@@COLLATION_CONNECTION */;
/*!40101 SET NAMES utf8 */;

--
-- 数据库: `app_beyondwechattest`
--

-- --------------------------------------------------------

--
-- 表的结构 `attendance_user_info`
--

CREATE TABLE IF NOT EXISTS `attendance_user_info` (
  `id` int(11) NOT NULL AUTO_INCREMENT,
  `subscribe` varchar(64) COLLATE utf8_bin NOT NULL,
  `openid` varchar(256) COLLATE utf8_bin NOT NULL,
  `nickname` varchar(128) COLLATE utf8_bin NOT NULL,
  `name` varchar(128) COLLATE utf8_bin DEFAULT NULL,
  `sex` tinyint(4) NOT NULL,
  `language` varchar(64) COLLATE utf8_bin NOT NULL,
  `city` varchar(128) COLLATE utf8_bin NOT NULL,
  `province` varchar(128) COLLATE utf8_bin NOT NULL,
  `country` varchar(128) COLLATE utf8_bin NOT NULL,
  `headimgurl` varchar(256) COLLATE utf8_bin NOT NULL,
  `subscribetime` int(11) NOT NULL,
  `createtime` timestamp NOT NULL DEFAULT CURRENT_TIMESTAMP,
  PRIMARY KEY (`id`),
  UNIQUE KEY `openid` (`openid`)
) ENGINE=MyISAM  DEFAULT CHARSET=utf8 COLLATE=utf8_bin AUTO_INCREMENT=14 ;

--
-- 转存表中的数据 `attendance_user_info`
--

INSERT INTO `attendance_user_info` (`id`, `subscribe`, `openid`, `nickname`, `name`, `sex`, `language`, `city`, `province`, `country`, `headimgurl`, `subscribetime`, `createtime`) VALUES
(1, '1', 'oxqECj13-L8dz--q6dd9Z34ouTfc', 'Richard', '魏喆', 1, 'zh_CN', '黄浦', '上海', '中国', 'http://wx.qlogo.cn/mmopen/Q6qmBQ5icvOiaWeEicianAlq6ia8kI0w9iarAicTArO1iaIufYdPO0DWibGpEco0ty6neMLVJ132y8XpcyrM15vb3Eb2GmXcQhuqKCKN3/0', 1406094404, '2014-07-24 17:20:03'),
(5, '1', 'oxqECj7JTrpVG7BfJnNCUpQap0Xc', '魏胖子', '魏喆测试', 1, 'zh_CN', '宝山', '上海', '中国', '', 1403688807, '2014-07-29 17:32:01'),
(3, '1', 'oxqECj6brN69z1zVRPmPKglKwXxs', '大家的Joker', '杨磊', 1, 'zh_CN', '卢湾', '上海', '中国', 'http://wx.qlogo.cn/mmopen/ajNVdqHZLLD4ywOgkc5HBcHqDEjSjMWTYmSHRf72M80lHkqapSmpxmnq9tTiciaACfmfS0xvwCWZPpe5OEUFg4lg/0', 1380089104, '2014-07-25 14:35:52'),
(4, '1', 'oxqECjymo7ytKhsnmoO0cjI-YlPo', 'Vanness', '陈云晖', 1, 'zh_CN', '', '九龙城区', '中国香港', 'http://wx.qlogo.cn/mmopen/Q6qmBQ5icvOiaWeEicianAlq6jVSx91VNYfD1bv4h8lvvDsSjwqU4rP55E6lMQAnynn6eL9H3cvADsLOn2ICWTKR6bFnR87g2Ylia/0', 1401345540, '2014-07-25 14:36:06'),
(6, '1', 'oxqECj_45g_szPp-7Q8SRgem5E18', '毛锐', '毛锐', 1, 'zh_CN', '', '', '古巴', 'http://wx.qlogo.cn/mmopen/Jiavz9UrH80n3icVNxp9NNtSE50BibicxD33FSpchdDgwz5gWLRP5ZQib22Vowy64xHxx6O9hxaGXNKmyvMCVt2NOYA/0', 1406626528, '2014-07-29 17:35:49'),
(7, '1', 'oxqECj_tIcJyY4Xfo5-CRF6ndTXw', 'Eva', '张怡', 2, 'zh_CN', '卢湾', '上海', '中国', 'http://wx.qlogo.cn/mmopen/Q6qmBQ5icvOiaWeEicianAlq6urpu29jkbTkuoQQHdDDae0l4qKsAjMhuO3Dt0rS2BUB3cts1jKeDekXehEuaZTFt5CgTFPqQf0a/0', 1406194921, '2014-07-29 17:47:39'),
(8, '1', 'oxqECjww6wi0M_j2_arhilyOJPhY', 'C.L.', '陈林', 1, 'zh_CN', '杨浦', '上海', '中国', 'http://wx.qlogo.cn/mmopen/Fcl5gW2t1FQZyicnTIWDKjaqfb8gaG3PzcFk8rZe9PyJ4SrEibcwIvicq2D0aicpgnKzPiakSK6kNVr16FmdUx1NeLHSNEfTMnFlE/0', 1400824099, '2014-07-29 17:53:01'),
(9, '1', 'oxqECj1HwpFVJzqjLmopVpidruWc', 'HAN', '韩佳', 1, 'zh_CN', '卢湾', '上海', '中国', 'http://wx.qlogo.cn/mmopen/nuhicMSstfCxLnYMLcW1Ricic2QOTJWj6mHxCpmv9RUuEFSUDwYT1VbaKzFzOaia5rOvSQnTibbQuxhicQBtiakC6KoQJpM3W4jUHTL/0', 1406630067, '2014-07-29 18:34:47'),
(10, '1', 'oxqECj30EP9zn1otAgAK0jeDkvfY', 'index', '范彬斌', 2, 'zh_CN', '徐汇', '上海', '中国', 'http://wx.qlogo.cn/mmopen/DmhcK3ycJ6qvf6pFxumoqZkLb4uyDrRmdybPEWT3HM6Ih0XiaBdWuQRHq9h3bZdAtVY0YUqXqAXKIcZlt7iavHF0CInxad9ZhE/0', 1406632812, '2014-07-31 13:26:30'),
(11, '1', 'oxqECj5CdBE--VQl-NPIkysPY4hc', '', '潘元', 1, 'zh_CN', '徐汇', '上海', '中国', 'http://wx.qlogo.cn/mmopen/PiajxSqBRaELhKbyOslN6gyosc5IaCppBWdBHbH5a5uPpAKnKLwFTWbF1GwBgiaicSOtRBb8qk3xC3KRuxucO8FEQ/0', 1383038644, '2014-07-31 14:56:56'),
(13, '1', 'oxqECj6nEszqg9dDnvcYs9PJbRMU', '', '葛贝贝', 2, 'zh_CN', '卢湾', '上海', '中国', 'http://wx.qlogo.cn/mmopen/ajNVdqHZLLBKGwAWsm175CLdh7Ctiaqs9YjArCljLqVgjfYW4rFaRong9U8sa62zhHRvgq1KSDH1RvxMA5xCj7w/0', 1409553329, '2014-09-01 14:36:25'),
(12, '1', 'oxqECj0r2JJuswtSXq8mmo3FLBkg', 'Jacky zhang「¥」', '张之晶', 1, 'zh_CN', '虹口', '上海', '中国', 'http://wx.qlogo.cn/mmopen/Q6qmBQ5icvOiaWeEicianAlq6tZKTCP4yeoH0Sp9KnWQan7bsLDkNIEOaqb4RqicEW6D3CPpDtDfb8a2Zicpa3jDpOMF0u1AvKtDRic/0', 1386049146, '2014-08-08 13:05:43');

-- --------------------------------------------------------

--
-- 表的结构 `attendance_user_punch`
--

CREATE TABLE IF NOT EXISTS `attendance_user_punch` (
  `id` int(11) NOT NULL AUTO_INCREMENT,
  `userid` int(11) NOT NULL,
  `openid` varchar(256) CHARACTER SET utf8 COLLATE utf8_bin NOT NULL,
  `createtime` timestamp NOT NULL DEFAULT CURRENT_TIMESTAMP,
  PRIMARY KEY (`id`)
) ENGINE=MyISAM  DEFAULT CHARSET=utf8 AUTO_INCREMENT=312 ;

--
-- 转存表中的数据 `attendance_user_punch`
--

INSERT INTO `attendance_user_punch` (`id`, `userid`, `openid`, `createtime`) VALUES
(1, 1, 'oxqECj13-L8dz--q6dd9Z34ouTfc', '2014-07-24 17:40:14'),
(2, 1, 'oxqECj13-L8dz--q6dd9Z34ouTfc', '2014-07-24 18:23:53'),
(3, 2, 'oxqECj7JTrpVG7BfJnNCUpQap0Xc', '2014-07-24 18:24:51'),
(4, 1, 'oxqECj13-L8dz--q6dd9Z34ouTfc', '2014-07-24 18:27:42'),
(5, 2, 'oxqECj7JTrpVG7BfJnNCUpQap0Xc', '2014-07-24 18:28:23'),
(6, 1, 'oxqECj13-L8dz--q6dd9Z34ouTfc', '2014-07-24 18:33:45'),
(7, 1, 'oxqECj13-L8dz--q6dd9Z34ouTfc', '2014-07-24 18:34:19'),
(8, 1, 'oxqECj13-L8dz--q6dd9Z34ouTfc', '2014-07-24 18:36:10'),
(9, 1, 'oxqECj13-L8dz--q6dd9Z34ouTfc', '2014-07-24 18:42:49'),
(10, 1, 'oxqECj13-L8dz--q6dd9Z34ouTfc', '2014-07-24 18:49:18'),
(11, 1, 'oxqECj13-L8dz--q6dd9Z34ouTfc', '2014-07-24 18:50:36'),
(12, 3, 'oxqECj6brN69z1zVRPmPKglKwXxs', '2014-07-25 14:35:52'),
(13, 4, 'oxqECjymo7ytKhsnmoO0cjI-YlPo', '2014-07-25 14:36:06'),
(14, 1, 'oxqECj13-L8dz--q6dd9Z34ouTfc', '2014-07-25 14:48:44'),
(15, 1, 'oxqECj13-L8dz--q6dd9Z34ouTfc', '2014-07-25 14:57:20'),
(16, 1, 'oxqECj13-L8dz--q6dd9Z34ouTfc', '2014-07-25 14:58:10'),
(17, 1, 'oxqECj13-L8dz--q6dd9Z34ouTfc', '2014-07-25 15:04:16'),
(18, 1, 'oxqECj13-L8dz--q6dd9Z34ouTfc', '2014-07-25 15:04:51'),
(19, 1, 'oxqECj13-L8dz--q6dd9Z34ouTfc', '2014-07-25 15:05:01'),
(20, 1, 'oxqECj13-L8dz--q6dd9Z34ouTfc', '2014-07-25 15:05:12'),
(21, 1, 'oxqECj13-L8dz--q6dd9Z34ouTfc', '2014-07-25 15:05:22'),
(22, 1, 'oxqECj13-L8dz--q6dd9Z34ouTfc', '2014-07-25 15:27:40'),
(23, 4, 'oxqECjymo7ytKhsnmoO0cjI-YlPo', '2014-07-25 15:31:27'),
(24, 1, 'oxqECj13-L8dz--q6dd9Z34ouTfc', '2014-07-25 15:31:37'),
(25, 4, 'oxqECjymo7ytKhsnmoO0cjI-YlPo', '2014-07-25 15:31:43'),
(26, 1, 'oxqECj13-L8dz--q6dd9Z34ouTfc', '2014-07-25 16:36:40'),
(27, 1, 'oxqECj13-L8dz--q6dd9Z34ouTfc', '2014-07-25 16:39:52'),
(28, 1, 'oxqECj13-L8dz--q6dd9Z34ouTfc', '2014-07-28 13:49:42'),
(29, 1, 'oxqECj13-L8dz--q6dd9Z34ouTfc', '2014-07-29 17:16:04'),
(30, 1, 'oxqECj13-L8dz--q6dd9Z34ouTfc', '2014-07-29 17:16:20'),
(31, 0, 'oxqECj_45g_szPp-7Q8SRgem5E18', '2014-07-29 17:23:04'),
(32, 1, 'oxqECj13-L8dz--q6dd9Z34ouTfc', '2014-07-29 17:27:13'),
(33, 0, 'oxqECj_45g_szPp-7Q8SRgem5E18', '2014-07-29 17:29:10'),
(34, 5, 'oxqECj7JTrpVG7BfJnNCUpQap0Xc', '2014-07-29 17:32:01'),
(35, 0, 'oxqECj_45g_szPp-7Q8SRgem5E18', '2014-07-29 17:34:19'),
(36, 0, 'oxqECj_45g_szPp-7Q8SRgem5E18', '2014-07-29 17:34:29'),
(37, 6, 'oxqECj_45g_szPp-7Q8SRgem5E18', '2014-07-29 17:35:49'),
(38, 6, 'oxqECj_45g_szPp-7Q8SRgem5E18', '2014-07-29 17:36:00'),
(39, 6, 'oxqECj_45g_szPp-7Q8SRgem5E18', '2014-07-29 17:36:07'),
(40, 6, 'oxqECj_45g_szPp-7Q8SRgem5E18', '2014-07-29 17:36:16'),
(41, 6, 'oxqECj_45g_szPp-7Q8SRgem5E18', '2014-07-29 17:36:23'),
(42, 6, 'oxqECj_45g_szPp-7Q8SRgem5E18', '2014-07-29 17:36:45'),
(43, 1, 'oxqECj13-L8dz--q6dd9Z34ouTfc', '2014-07-29 17:37:47'),
(44, 7, 'oxqECj_tIcJyY4Xfo5-CRF6ndTXw', '2014-07-29 17:47:39'),
(45, 4, 'oxqECjymo7ytKhsnmoO0cjI-YlPo', '2014-07-29 17:52:30'),
(46, 8, 'oxqECjww6wi0M_j2_arhilyOJPhY', '2014-07-29 17:53:01'),
(47, 4, 'oxqECjymo7ytKhsnmoO0cjI-YlPo', '2014-07-29 17:53:32'),
(48, 4, 'oxqECjymo7ytKhsnmoO0cjI-YlPo', '2014-07-29 17:54:29'),
(49, 4, 'oxqECjymo7ytKhsnmoO0cjI-YlPo', '2014-07-29 17:54:35'),
(50, 4, 'oxqECjymo7ytKhsnmoO0cjI-YlPo', '2014-07-29 17:55:01'),
(51, 3, 'oxqECj6brN69z1zVRPmPKglKwXxs', '2014-07-29 18:20:38'),
(52, 9, 'oxqECj1HwpFVJzqjLmopVpidruWc', '2014-07-29 18:34:47'),
(53, 3, 'oxqECj6brN69z1zVRPmPKglKwXxs', '2014-07-29 18:53:39'),
(54, 6, 'oxqECj_45g_szPp-7Q8SRgem5E18', '2014-07-30 10:57:10'),
(55, 8, 'oxqECjww6wi0M_j2_arhilyOJPhY', '2014-07-30 11:52:25'),
(56, 4, 'oxqECjymo7ytKhsnmoO0cjI-YlPo', '2014-07-30 16:56:28'),
(57, 4, 'oxqECjymo7ytKhsnmoO0cjI-YlPo', '2014-07-30 16:56:37'),
(58, 6, 'oxqECj_45g_szPp-7Q8SRgem5E18', '2014-07-30 17:28:30'),
(59, 6, 'oxqECj_45g_szPp-7Q8SRgem5E18', '2014-07-31 10:01:32'),
(60, 8, 'oxqECjww6wi0M_j2_arhilyOJPhY', '2014-07-31 10:56:46'),
(61, 10, 'oxqECj30EP9zn1otAgAK0jeDkvfY', '2014-07-31 13:26:30'),
(62, 11, 'oxqECj5CdBE--VQl-NPIkysPY4hc', '2014-07-31 14:56:56'),
(63, 11, 'oxqECj5CdBE--VQl-NPIkysPY4hc', '2014-07-31 14:57:11'),
(64, 6, 'oxqECj_45g_szPp-7Q8SRgem5E18', '2014-07-31 17:29:47'),
(65, 6, 'oxqECj_45g_szPp-7Q8SRgem5E18', '2014-08-01 09:39:24'),
(66, 7, 'oxqECj_tIcJyY4Xfo5-CRF6ndTXw', '2014-08-01 09:41:43'),
(67, 4, 'oxqECjymo7ytKhsnmoO0cjI-YlPo', '2014-08-01 10:05:09'),
(68, 4, 'oxqECjymo7ytKhsnmoO0cjI-YlPo', '2014-08-01 10:05:21'),
(69, 11, 'oxqECj5CdBE--VQl-NPIkysPY4hc', '2014-08-01 10:05:36'),
(70, 4, 'oxqECjymo7ytKhsnmoO0cjI-YlPo', '2014-08-01 10:05:49'),
(71, 8, 'oxqECjww6wi0M_j2_arhilyOJPhY', '2014-08-01 10:47:02'),
(72, 10, 'oxqECj30EP9zn1otAgAK0jeDkvfY', '2014-08-01 11:14:28'),
(73, 1, 'oxqECj13-L8dz--q6dd9Z34ouTfc', '2014-08-01 15:40:41'),
(74, 7, 'oxqECj_tIcJyY4Xfo5-CRF6ndTXw', '2014-08-01 17:28:34'),
(75, 6, 'oxqECj_45g_szPp-7Q8SRgem5E18', '2014-08-01 18:00:39'),
(76, 8, 'oxqECjww6wi0M_j2_arhilyOJPhY', '2014-08-01 18:30:58'),
(77, 6, 'oxqECj_45g_szPp-7Q8SRgem5E18', '2014-08-04 09:46:00'),
(78, 4, 'oxqECjymo7ytKhsnmoO0cjI-YlPo', '2014-08-04 09:48:56'),
(79, 4, 'oxqECjymo7ytKhsnmoO0cjI-YlPo', '2014-08-04 09:49:19'),
(80, 4, 'oxqECjymo7ytKhsnmoO0cjI-YlPo', '2014-08-04 09:50:00'),
(81, 4, 'oxqECjymo7ytKhsnmoO0cjI-YlPo', '2014-08-04 09:50:22'),
(82, 4, 'oxqECjymo7ytKhsnmoO0cjI-YlPo', '2014-08-04 09:50:50'),
(83, 6, 'oxqECj_45g_szPp-7Q8SRgem5E18', '2014-08-04 10:05:22'),
(84, 11, 'oxqECj5CdBE--VQl-NPIkysPY4hc', '2014-08-04 10:06:24'),
(85, 8, 'oxqECjww6wi0M_j2_arhilyOJPhY', '2014-08-04 10:30:58'),
(86, 7, 'oxqECj_tIcJyY4Xfo5-CRF6ndTXw', '2014-08-04 11:48:44'),
(87, 10, 'oxqECj30EP9zn1otAgAK0jeDkvfY', '2014-08-04 11:49:47'),
(88, 7, 'oxqECj_tIcJyY4Xfo5-CRF6ndTXw', '2014-08-04 17:35:52'),
(89, 1, 'oxqECj13-L8dz--q6dd9Z34ouTfc', '2014-08-04 17:36:43'),
(90, 1, 'oxqECj13-L8dz--q6dd9Z34ouTfc', '2014-08-04 17:38:48'),
(91, 6, 'oxqECj_45g_szPp-7Q8SRgem5E18', '2014-08-04 17:43:24'),
(92, 6, 'oxqECj_45g_szPp-7Q8SRgem5E18', '2014-08-04 17:43:36'),
(93, 8, 'oxqECjww6wi0M_j2_arhilyOJPhY', '2014-08-04 18:21:53'),
(94, 6, 'oxqECj_45g_szPp-7Q8SRgem5E18', '2014-08-05 09:40:20'),
(95, 11, 'oxqECj5CdBE--VQl-NPIkysPY4hc', '2014-08-05 09:41:39'),
(96, 6, 'oxqECj_45g_szPp-7Q8SRgem5E18', '2014-08-05 09:57:13'),
(97, 4, 'oxqECjymo7ytKhsnmoO0cjI-YlPo', '2014-08-05 10:01:00'),
(98, 4, 'oxqECjymo7ytKhsnmoO0cjI-YlPo', '2014-08-05 10:01:14'),
(99, 4, 'oxqECjymo7ytKhsnmoO0cjI-YlPo', '2014-08-05 10:01:29'),
(100, 4, 'oxqECjymo7ytKhsnmoO0cjI-YlPo', '2014-08-05 10:01:39'),
(101, 8, 'oxqECjww6wi0M_j2_arhilyOJPhY', '2014-08-05 10:27:16'),
(102, 10, 'oxqECj30EP9zn1otAgAK0jeDkvfY', '2014-08-05 12:13:26'),
(103, 6, 'oxqECj_45g_szPp-7Q8SRgem5E18', '2014-08-05 17:58:56'),
(104, 6, 'oxqECj_45g_szPp-7Q8SRgem5E18', '2014-08-06 09:44:20'),
(105, 4, 'oxqECjymo7ytKhsnmoO0cjI-YlPo', '2014-08-06 09:45:14'),
(106, 4, 'oxqECjymo7ytKhsnmoO0cjI-YlPo', '2014-08-06 09:45:46'),
(107, 4, 'oxqECjymo7ytKhsnmoO0cjI-YlPo', '2014-08-06 09:46:26'),
(108, 7, 'oxqECj_tIcJyY4Xfo5-CRF6ndTXw', '2014-08-06 09:47:42'),
(109, 7, 'oxqECj_tIcJyY4Xfo5-CRF6ndTXw', '2014-08-06 09:48:06'),
(110, 4, 'oxqECjymo7ytKhsnmoO0cjI-YlPo', '2014-08-06 09:50:14'),
(111, 4, 'oxqECjymo7ytKhsnmoO0cjI-YlPo', '2014-08-06 09:50:51'),
(112, 4, 'oxqECjymo7ytKhsnmoO0cjI-YlPo', '2014-08-06 09:51:05'),
(113, 4, 'oxqECjymo7ytKhsnmoO0cjI-YlPo', '2014-08-06 09:51:16'),
(114, 4, 'oxqECjymo7ytKhsnmoO0cjI-YlPo', '2014-08-06 09:51:34'),
(115, 11, 'oxqECj5CdBE--VQl-NPIkysPY4hc', '2014-08-06 10:01:25'),
(116, 4, 'oxqECjymo7ytKhsnmoO0cjI-YlPo', '2014-08-06 10:07:41'),
(117, 10, 'oxqECj30EP9zn1otAgAK0jeDkvfY', '2014-08-06 10:38:51'),
(118, 7, 'oxqECj_tIcJyY4Xfo5-CRF6ndTXw', '2014-08-06 18:05:01'),
(119, 0, 'oxqECj5CdBE--VQl-NPIkysPY4hc', '2014-08-07 09:34:51'),
(120, 0, 'oxqECj_tIcJyY4Xfo5-CRF6ndTXw', '2014-08-07 09:36:00'),
(121, 6, 'oxqECj_45g_szPp-7Q8SRgem5E18', '2014-08-07 09:49:26'),
(122, 11, 'oxqECj5CdBE--VQl-NPIkysPY4hc', '2014-08-07 09:49:58'),
(123, 4, 'oxqECjymo7ytKhsnmoO0cjI-YlPo', '2014-08-07 09:56:07'),
(124, 4, 'oxqECjymo7ytKhsnmoO0cjI-YlPo', '2014-08-07 09:56:32'),
(125, 4, 'oxqECjymo7ytKhsnmoO0cjI-YlPo', '2014-08-07 09:57:44'),
(126, 4, 'oxqECjymo7ytKhsnmoO0cjI-YlPo', '2014-08-07 09:58:24'),
(127, 8, 'oxqECjww6wi0M_j2_arhilyOJPhY', '2014-08-07 10:31:56'),
(128, 7, 'oxqECj_tIcJyY4Xfo5-CRF6ndTXw', '2014-08-07 17:42:31'),
(129, 6, 'oxqECj_45g_szPp-7Q8SRgem5E18', '2014-08-07 17:48:03'),
(130, 6, 'oxqECj_45g_szPp-7Q8SRgem5E18', '2014-08-08 09:43:02'),
(131, 7, 'oxqECj_tIcJyY4Xfo5-CRF6ndTXw', '2014-08-08 09:56:09'),
(132, 4, 'oxqECjymo7ytKhsnmoO0cjI-YlPo', '2014-08-08 10:03:14'),
(133, 4, 'oxqECjymo7ytKhsnmoO0cjI-YlPo', '2014-08-08 10:04:00'),
(134, 4, 'oxqECjymo7ytKhsnmoO0cjI-YlPo', '2014-08-08 10:04:15'),
(135, 4, 'oxqECjymo7ytKhsnmoO0cjI-YlPo', '2014-08-08 10:17:46'),
(136, 4, 'oxqECjymo7ytKhsnmoO0cjI-YlPo', '2014-08-08 10:17:56'),
(137, 8, 'oxqECjww6wi0M_j2_arhilyOJPhY', '2014-08-08 10:19:47'),
(138, 11, 'oxqECj5CdBE--VQl-NPIkysPY4hc', '2014-08-08 10:32:03'),
(139, 11, 'oxqECj5CdBE--VQl-NPIkysPY4hc', '2014-08-08 10:44:09'),
(140, 10, 'oxqECj30EP9zn1otAgAK0jeDkvfY', '2014-08-08 11:14:14'),
(141, 12, 'oxqECj0r2JJuswtSXq8mmo3FLBkg', '2014-08-08 13:05:43'),
(142, 12, 'oxqECj0r2JJuswtSXq8mmo3FLBkg', '2014-08-08 13:08:30'),
(143, 12, 'oxqECj0r2JJuswtSXq8mmo3FLBkg', '2014-08-08 17:51:08'),
(144, 4, 'oxqECjymo7ytKhsnmoO0cjI-YlPo', '2014-08-08 18:00:22'),
(145, 6, 'oxqECj_45g_szPp-7Q8SRgem5E18', '2014-08-08 18:05:57'),
(146, 6, 'oxqECj_45g_szPp-7Q8SRgem5E18', '2014-08-11 09:44:23'),
(147, 8, 'oxqECjww6wi0M_j2_arhilyOJPhY', '2014-08-11 09:51:17'),
(148, 7, 'oxqECj_tIcJyY4Xfo5-CRF6ndTXw', '2014-08-11 09:51:39'),
(149, 4, 'oxqECjymo7ytKhsnmoO0cjI-YlPo', '2014-08-11 09:56:04'),
(150, 4, 'oxqECjymo7ytKhsnmoO0cjI-YlPo', '2014-08-11 09:56:16'),
(151, 11, 'oxqECj5CdBE--VQl-NPIkysPY4hc', '2014-08-11 09:57:11'),
(152, 9, 'oxqECj1HwpFVJzqjLmopVpidruWc', '2014-08-11 10:44:05'),
(153, 10, 'oxqECj30EP9zn1otAgAK0jeDkvfY', '2014-08-11 11:10:48'),
(154, 12, 'oxqECj0r2JJuswtSXq8mmo3FLBkg', '2014-08-11 11:52:39'),
(155, 12, 'oxqECj0r2JJuswtSXq8mmo3FLBkg', '2014-08-11 17:42:43'),
(156, 9, 'oxqECj1HwpFVJzqjLmopVpidruWc', '2014-08-11 17:44:58'),
(157, 7, 'oxqECj_tIcJyY4Xfo5-CRF6ndTXw', '2014-08-11 17:45:20'),
(158, 8, 'oxqECjww6wi0M_j2_arhilyOJPhY', '2014-08-11 17:45:23'),
(159, 6, 'oxqECj_45g_szPp-7Q8SRgem5E18', '2014-08-11 17:47:21'),
(160, 7, 'oxqECj_tIcJyY4Xfo5-CRF6ndTXw', '2014-08-12 09:53:06'),
(161, 6, 'oxqECj_45g_szPp-7Q8SRgem5E18', '2014-08-12 09:54:37'),
(162, 4, 'oxqECjymo7ytKhsnmoO0cjI-YlPo', '2014-08-12 09:56:15'),
(163, 11, 'oxqECj5CdBE--VQl-NPIkysPY4hc', '2014-08-12 09:56:26'),
(164, 11, 'oxqECj5CdBE--VQl-NPIkysPY4hc', '2014-08-12 09:56:45'),
(165, 4, 'oxqECjymo7ytKhsnmoO0cjI-YlPo', '2014-08-12 09:56:52'),
(166, 8, 'oxqECjww6wi0M_j2_arhilyOJPhY', '2014-08-12 10:06:55'),
(167, 12, 'oxqECj0r2JJuswtSXq8mmo3FLBkg', '2014-08-12 11:34:52'),
(168, 9, 'oxqECj1HwpFVJzqjLmopVpidruWc', '2014-08-12 12:31:07'),
(169, 9, 'oxqECj1HwpFVJzqjLmopVpidruWc', '2014-08-12 12:31:15'),
(170, 10, 'oxqECj30EP9zn1otAgAK0jeDkvfY', '2014-08-12 12:40:41'),
(171, 6, 'oxqECj_45g_szPp-7Q8SRgem5E18', '2014-08-12 16:04:41'),
(172, 6, 'oxqECj_45g_szPp-7Q8SRgem5E18', '2014-08-12 16:05:51'),
(173, 7, 'oxqECj_tIcJyY4Xfo5-CRF6ndTXw', '2014-08-12 17:20:07'),
(174, 12, 'oxqECj0r2JJuswtSXq8mmo3FLBkg', '2014-08-12 17:27:39'),
(175, 4, 'oxqECjymo7ytKhsnmoO0cjI-YlPo', '2014-08-13 09:42:26'),
(176, 4, 'oxqECjymo7ytKhsnmoO0cjI-YlPo', '2014-08-13 09:42:57'),
(177, 6, 'oxqECj_45g_szPp-7Q8SRgem5E18', '2014-08-13 09:50:19'),
(178, 8, 'oxqECjww6wi0M_j2_arhilyOJPhY', '2014-08-13 10:02:57'),
(179, 10, 'oxqECj30EP9zn1otAgAK0jeDkvfY', '2014-08-13 12:46:36'),
(180, 9, 'oxqECj1HwpFVJzqjLmopVpidruWc', '2014-08-13 13:41:39'),
(181, 12, 'oxqECj0r2JJuswtSXq8mmo3FLBkg', '2014-08-13 17:28:46'),
(182, 6, 'oxqECj_45g_szPp-7Q8SRgem5E18', '2014-08-13 18:01:21'),
(183, 8, 'oxqECjww6wi0M_j2_arhilyOJPhY', '2014-08-13 19:12:38'),
(184, 6, 'oxqECj_45g_szPp-7Q8SRgem5E18', '2014-08-14 09:45:20'),
(185, 7, 'oxqECj_tIcJyY4Xfo5-CRF6ndTXw', '2014-08-14 09:52:49'),
(186, 4, 'oxqECjymo7ytKhsnmoO0cjI-YlPo', '2014-08-14 09:54:44'),
(187, 11, 'oxqECj5CdBE--VQl-NPIkysPY4hc', '2014-08-14 09:55:11'),
(188, 11, 'oxqECj5CdBE--VQl-NPIkysPY4hc', '2014-08-14 09:55:26'),
(189, 4, 'oxqECjymo7ytKhsnmoO0cjI-YlPo', '2014-08-14 09:55:27'),
(190, 8, 'oxqECjww6wi0M_j2_arhilyOJPhY', '2014-08-14 10:12:41'),
(191, 6, 'oxqECj_45g_szPp-7Q8SRgem5E18', '2014-08-14 17:52:05'),
(192, 6, 'oxqECj_45g_szPp-7Q8SRgem5E18', '2014-08-14 17:52:27'),
(193, 7, 'oxqECj_tIcJyY4Xfo5-CRF6ndTXw', '2014-08-14 18:01:09'),
(194, 6, 'oxqECj_45g_szPp-7Q8SRgem5E18', '2014-08-15 09:44:12'),
(195, 6, 'oxqECj_45g_szPp-7Q8SRgem5E18', '2014-08-15 09:47:51'),
(196, 4, 'oxqECjymo7ytKhsnmoO0cjI-YlPo', '2014-08-15 09:52:29'),
(197, 4, 'oxqECjymo7ytKhsnmoO0cjI-YlPo', '2014-08-15 09:52:37'),
(198, 11, 'oxqECj5CdBE--VQl-NPIkysPY4hc', '2014-08-15 09:53:55'),
(199, 11, 'oxqECj5CdBE--VQl-NPIkysPY4hc', '2014-08-15 09:54:07'),
(200, 8, 'oxqECjww6wi0M_j2_arhilyOJPhY', '2014-08-15 10:11:31'),
(201, 10, 'oxqECj30EP9zn1otAgAK0jeDkvfY', '2014-08-15 12:25:11'),
(202, 9, 'oxqECj1HwpFVJzqjLmopVpidruWc', '2014-08-15 14:08:30'),
(203, 6, 'oxqECj_45g_szPp-7Q8SRgem5E18', '2014-08-15 17:14:17'),
(204, 12, 'oxqECj0r2JJuswtSXq8mmo3FLBkg', '2014-08-15 17:46:26'),
(205, 6, 'oxqECj_45g_szPp-7Q8SRgem5E18', '2014-08-18 09:35:23'),
(206, 4, 'oxqECjymo7ytKhsnmoO0cjI-YlPo', '2014-08-18 09:57:53'),
(207, 4, 'oxqECjymo7ytKhsnmoO0cjI-YlPo', '2014-08-18 09:58:14'),
(208, 11, 'oxqECj5CdBE--VQl-NPIkysPY4hc', '2014-08-18 09:58:18'),
(209, 11, 'oxqECj5CdBE--VQl-NPIkysPY4hc', '2014-08-18 09:58:29'),
(210, 9, 'oxqECj1HwpFVJzqjLmopVpidruWc', '2014-08-18 11:24:21'),
(211, 12, 'oxqECj0r2JJuswtSXq8mmo3FLBkg', '2014-08-18 17:21:11'),
(212, 7, 'oxqECj_tIcJyY4Xfo5-CRF6ndTXw', '2014-08-19 09:44:27'),
(213, 4, 'oxqECjymo7ytKhsnmoO0cjI-YlPo', '2014-08-19 10:06:30'),
(214, 11, 'oxqECj5CdBE--VQl-NPIkysPY4hc', '2014-08-19 10:07:11'),
(215, 4, 'oxqECjymo7ytKhsnmoO0cjI-YlPo', '2014-08-19 10:07:16'),
(216, 8, 'oxqECjww6wi0M_j2_arhilyOJPhY', '2014-08-19 10:16:59'),
(217, 10, 'oxqECj30EP9zn1otAgAK0jeDkvfY', '2014-08-19 11:11:27'),
(218, 12, 'oxqECj0r2JJuswtSXq8mmo3FLBkg', '2014-08-19 17:22:22'),
(219, 8, 'oxqECjww6wi0M_j2_arhilyOJPhY', '2014-08-20 10:02:02'),
(220, 7, 'oxqECj_tIcJyY4Xfo5-CRF6ndTXw', '2014-08-20 10:24:38'),
(221, 4, 'oxqECjymo7ytKhsnmoO0cjI-YlPo', '2014-08-20 10:43:44'),
(222, 11, 'oxqECj5CdBE--VQl-NPIkysPY4hc', '2014-08-20 10:44:24'),
(223, 10, 'oxqECj30EP9zn1otAgAK0jeDkvfY', '2014-08-20 11:10:17'),
(224, 7, 'oxqECj_tIcJyY4Xfo5-CRF6ndTXw', '2014-08-20 18:13:38'),
(225, 10, 'oxqECj30EP9zn1otAgAK0jeDkvfY', '2014-08-21 09:45:44'),
(226, 4, 'oxqECjymo7ytKhsnmoO0cjI-YlPo', '2014-08-21 09:53:36'),
(227, 4, 'oxqECjymo7ytKhsnmoO0cjI-YlPo', '2014-08-21 09:54:05'),
(228, 7, 'oxqECj_tIcJyY4Xfo5-CRF6ndTXw', '2014-08-21 10:07:47'),
(229, 8, 'oxqECjww6wi0M_j2_arhilyOJPhY', '2014-08-21 10:08:50'),
(230, 1, 'oxqECj13-L8dz--q6dd9Z34ouTfc', '2014-08-21 10:16:39'),
(231, 11, 'oxqECj5CdBE--VQl-NPIkysPY4hc', '2014-08-21 12:58:22'),
(232, 9, 'oxqECj1HwpFVJzqjLmopVpidruWc', '2014-08-21 13:57:24'),
(233, 12, 'oxqECj0r2JJuswtSXq8mmo3FLBkg', '2014-08-21 17:11:53'),
(234, 8, 'oxqECjww6wi0M_j2_arhilyOJPhY', '2014-08-21 18:59:12'),
(235, 8, 'oxqECjww6wi0M_j2_arhilyOJPhY', '2014-08-22 09:53:12'),
(236, 7, 'oxqECj_tIcJyY4Xfo5-CRF6ndTXw', '2014-08-22 09:53:23'),
(237, 4, 'oxqECjymo7ytKhsnmoO0cjI-YlPo', '2014-08-22 09:55:04'),
(238, 4, 'oxqECjymo7ytKhsnmoO0cjI-YlPo', '2014-08-22 09:55:16'),
(239, 10, 'oxqECj30EP9zn1otAgAK0jeDkvfY', '2014-08-22 10:06:10'),
(240, 9, 'oxqECj1HwpFVJzqjLmopVpidruWc', '2014-08-22 10:59:54'),
(241, 7, 'oxqECj_tIcJyY4Xfo5-CRF6ndTXw', '2014-08-22 17:22:26'),
(242, 7, 'oxqECj_tIcJyY4Xfo5-CRF6ndTXw', '2014-08-22 17:23:08'),
(243, 1, 'oxqECj13-L8dz--q6dd9Z34ouTfc', '2014-08-22 18:34:43'),
(244, 4, 'oxqECjymo7ytKhsnmoO0cjI-YlPo', '2014-08-22 19:50:42'),
(245, 4, 'oxqECjymo7ytKhsnmoO0cjI-YlPo', '2014-08-22 19:51:04'),
(246, 1, 'oxqECj13-L8dz--q6dd9Z34ouTfc', '2014-08-25 07:59:52'),
(247, 7, 'oxqECj_tIcJyY4Xfo5-CRF6ndTXw', '2014-08-25 09:46:58'),
(248, 8, 'oxqECjww6wi0M_j2_arhilyOJPhY', '2014-08-25 09:49:35'),
(249, 4, 'oxqECjymo7ytKhsnmoO0cjI-YlPo', '2014-08-25 09:57:53'),
(250, 4, 'oxqECjymo7ytKhsnmoO0cjI-YlPo', '2014-08-25 09:58:15'),
(251, 10, 'oxqECj30EP9zn1otAgAK0jeDkvfY', '2014-08-25 10:17:50'),
(252, 9, 'oxqECj1HwpFVJzqjLmopVpidruWc', '2014-08-25 11:00:30'),
(253, 9, 'oxqECj1HwpFVJzqjLmopVpidruWc', '2014-08-25 11:00:43'),
(254, 1, 'oxqECj13-L8dz--q6dd9Z34ouTfc', '2014-08-25 17:22:56'),
(255, 9, 'oxqECj1HwpFVJzqjLmopVpidruWc', '2014-08-25 17:56:25'),
(256, 8, 'oxqECjww6wi0M_j2_arhilyOJPhY', '2014-08-25 18:08:33'),
(257, 7, 'oxqECj_tIcJyY4Xfo5-CRF6ndTXw', '2014-08-26 09:27:38'),
(258, 12, 'oxqECj0r2JJuswtSXq8mmo3FLBkg', '2014-08-26 09:58:14'),
(259, 12, 'oxqECj0r2JJuswtSXq8mmo3FLBkg', '2014-08-26 10:00:11'),
(260, 8, 'oxqECjww6wi0M_j2_arhilyOJPhY', '2014-08-26 10:11:55'),
(261, 4, 'oxqECjymo7ytKhsnmoO0cjI-YlPo', '2014-08-26 10:26:01'),
(262, 1, 'oxqECj13-L8dz--q6dd9Z34ouTfc', '2014-08-26 10:37:56'),
(263, 1, 'oxqECj13-L8dz--q6dd9Z34ouTfc', '2014-08-26 10:44:31'),
(264, 1, 'oxqECj13-L8dz--q6dd9Z34ouTfc', '2014-08-27 09:55:40'),
(265, 4, 'oxqECjymo7ytKhsnmoO0cjI-YlPo', '2014-08-27 09:57:00'),
(266, 4, 'oxqECjymo7ytKhsnmoO0cjI-YlPo', '2014-08-27 09:57:08'),
(267, 10, 'oxqECj30EP9zn1otAgAK0jeDkvfY', '2014-08-27 10:00:45'),
(268, 7, 'oxqECj_tIcJyY4Xfo5-CRF6ndTXw', '2014-08-27 10:03:36'),
(269, 7, 'oxqECj_tIcJyY4Xfo5-CRF6ndTXw', '2014-08-27 10:04:05'),
(270, 8, 'oxqECjww6wi0M_j2_arhilyOJPhY', '2014-08-27 10:10:58'),
(271, 12, 'oxqECj0r2JJuswtSXq8mmo3FLBkg', '2014-08-27 17:09:57'),
(272, 7, 'oxqECj_tIcJyY4Xfo5-CRF6ndTXw', '2014-08-27 17:28:21'),
(273, 1, 'oxqECj13-L8dz--q6dd9Z34ouTfc', '2014-08-28 07:57:31'),
(274, 11, 'oxqECj5CdBE--VQl-NPIkysPY4hc', '2014-08-28 09:47:41'),
(275, 4, 'oxqECjymo7ytKhsnmoO0cjI-YlPo', '2014-08-28 09:50:50'),
(276, 4, 'oxqECjymo7ytKhsnmoO0cjI-YlPo', '2014-08-28 09:51:01'),
(277, 7, 'oxqECj_tIcJyY4Xfo5-CRF6ndTXw', '2014-08-28 09:51:04'),
(278, 7, 'oxqECj_tIcJyY4Xfo5-CRF6ndTXw', '2014-08-28 09:52:10'),
(279, 8, 'oxqECjww6wi0M_j2_arhilyOJPhY', '2014-08-28 10:06:49'),
(280, 1, 'oxqECj13-L8dz--q6dd9Z34ouTfc', '2014-08-28 17:15:18'),
(281, 3, 'oxqECj6brN69z1zVRPmPKglKwXxs', '2014-08-28 17:24:09'),
(282, 7, 'oxqECj_tIcJyY4Xfo5-CRF6ndTXw', '2014-08-28 17:38:03'),
(283, 9, 'oxqECj1HwpFVJzqjLmopVpidruWc', '2014-08-28 17:55:39'),
(284, 9, 'oxqECj1HwpFVJzqjLmopVpidruWc', '2014-08-29 09:37:44'),
(285, 4, 'oxqECjymo7ytKhsnmoO0cjI-YlPo', '2014-08-29 09:53:07'),
(286, 4, 'oxqECjymo7ytKhsnmoO0cjI-YlPo', '2014-08-29 09:53:20'),
(287, 10, 'oxqECj30EP9zn1otAgAK0jeDkvfY', '2014-08-29 10:02:18'),
(288, 1, 'oxqECj13-L8dz--q6dd9Z34ouTfc', '2014-08-29 10:09:52'),
(289, 8, 'oxqECjww6wi0M_j2_arhilyOJPhY', '2014-08-29 10:18:10'),
(290, 1, 'oxqECj13-L8dz--q6dd9Z34ouTfc', '2014-08-29 18:08:54'),
(291, 1, 'oxqECj13-L8dz--q6dd9Z34ouTfc', '2014-09-01 08:35:29'),
(292, 10, 'oxqECj30EP9zn1otAgAK0jeDkvfY', '2014-09-01 09:39:39'),
(293, 7, 'oxqECj_tIcJyY4Xfo5-CRF6ndTXw', '2014-09-01 09:39:42'),
(294, 6, 'oxqECj_45g_szPp-7Q8SRgem5E18', '2014-09-01 09:53:26'),
(295, 9, 'oxqECj1HwpFVJzqjLmopVpidruWc', '2014-09-01 09:56:06'),
(296, 4, 'oxqECjymo7ytKhsnmoO0cjI-YlPo', '2014-09-01 10:17:01'),
(297, 8, 'oxqECjww6wi0M_j2_arhilyOJPhY', '2014-09-01 10:34:04'),
(298, 11, 'oxqECj5CdBE--VQl-NPIkysPY4hc', '2014-09-01 10:49:50'),
(299, 12, 'oxqECj0r2JJuswtSXq8mmo3FLBkg', '2014-09-01 11:16:13'),
(300, 13, 'oxqECj6nEszqg9dDnvcYs9PJbRMU', '2014-09-01 14:36:25'),
(301, 1, 'oxqECj13-L8dz--q6dd9Z34ouTfc', '2014-09-01 16:12:35'),
(302, 1, 'oxqECj13-L8dz--q6dd9Z34ouTfc', '2014-09-01 16:28:26'),
(303, 1, 'oxqECj13-L8dz--q6dd9Z34ouTfc', '2014-09-01 16:51:54'),
(304, 13, 'oxqECj6nEszqg9dDnvcYs9PJbRMU', '2014-09-01 17:36:44'),
(305, 7, 'oxqECj_tIcJyY4Xfo5-CRF6ndTXw', '2014-09-01 17:39:14'),
(306, 6, 'oxqECj_45g_szPp-7Q8SRgem5E18', '2014-09-01 17:57:52'),
(307, 4, 'oxqECjymo7ytKhsnmoO0cjI-YlPo', '2014-09-01 18:01:56'),
(308, 4, 'oxqECjymo7ytKhsnmoO0cjI-YlPo', '2014-09-01 18:02:07'),
(309, 10, 'oxqECj30EP9zn1otAgAK0jeDkvfY', '2014-09-01 18:03:51'),
(310, 1, 'oxqECj13-L8dz--q6dd9Z34ouTfc', '2014-09-01 21:01:26'),
(311, 1, 'oxqECj13-L8dz--q6dd9Z34ouTfc', '2014-09-01 21:38:06');

-- --------------------------------------------------------

--
-- 表的结构 `game_user_info`
--

CREATE TABLE IF NOT EXISTS `game_user_info` (
  `id` int(11) NOT NULL AUTO_INCREMENT,
  `subscribe` varchar(64) COLLATE utf8_bin NOT NULL,
  `openid` varchar(256) COLLATE utf8_bin NOT NULL,
  `nickname` varchar(128) COLLATE utf8_bin NOT NULL,
  `sex` tinyint(4) NOT NULL,
  `language` varchar(64) COLLATE utf8_bin NOT NULL,
  `city` varchar(128) COLLATE utf8_bin NOT NULL,
  `province` varchar(128) COLLATE utf8_bin NOT NULL,
  `country` varchar(128) COLLATE utf8_bin NOT NULL,
  `headimgurl` varchar(256) COLLATE utf8_bin NOT NULL,
  `subscribe_time` int(11) NOT NULL,
  `score` double NOT NULL,
  `createtime` timestamp NOT NULL DEFAULT CURRENT_TIMESTAMP,
  PRIMARY KEY (`id`),
  UNIQUE KEY `openid` (`openid`)
) ENGINE=MyISAM  DEFAULT CHARSET=utf8 COLLATE=utf8_bin AUTO_INCREMENT=15 ;

--
-- 转存表中的数据 `game_user_info`
--

INSERT INTO `game_user_info` (`id`, `subscribe`, `openid`, `nickname`, `sex`, `language`, `city`, `province`, `country`, `headimgurl`, `subscribe_time`, `score`, `createtime`) VALUES
(11, '1', 'oxqECj6brN69z1zVRPmPKglKwXxs', '大家的Joker', 1, 'zh_CN', '卢湾', '上海', '中国', 'http://wx.qlogo.cn/mmopen/ajNVdqHZLLD4ywOgkc5HBcHqDEjSjMWTYmSHRf72M80lHkqapSmpxmnq9tTiciaACfmfS0xvwCWZPpe5OEUFg4lg/0', 1380089104, 133, '2014-06-25 17:55:48'),
(10, '1', 'oxqECj13-L8dz--q6dd9Z34ouTfc', 'Richard', 1, 'zh_CN', '黄浦', '上海', '中国', 'http://wx.qlogo.cn/mmopen/DmhcK3ycJ6qvf6pFxumoqT8WFdAGl5fNV5dLrzlqnoyEuqEcTLgr0zBDcFKd0LL8TDhFiabAaZehSPLXGtFhSLSH16kzTeXPic/0', 1402911680, 135, '2014-06-25 17:54:41'),
(14, '1', 'oxqECj0s_xnzW_VM0azf29z1s57c', '大猫', 2, 'zh_CN', '嘉定', '上海', '中国', 'http://wx.qlogo.cn/mmopen/ajNVdqHZLLDFYK2KFuRJkjiaX2WtnoLlq7icypMFrAwYxM8gibE3mbH5n84KFBrwPzECjzxvzOnTVibIa7BoA0icZGQ/0', 1403793748, 21, '2014-06-26 22:43:14'),
(12, '1', 'oxqECj_45g_szPp-7Q8SRgem5E18', '毛锐', 1, 'zh_CN', '', '', '智利', 'http://wx.qlogo.cn/mmopen/PiajxSqBRaEIh7y6Qhp58A8qgiaxSM4qTtEcTYnnydbwnAbEXF1Yjklc8Kho8B1Jzln1aUOGj8FaznWf81iazHT0Q/0', 1400836060, 78, '2014-06-26 11:15:49'),
(13, '1', 'oxqECj7JTrpVG7BfJnNCUpQap0Xc', '魏胖子', 1, 'zh_CN', '宝山', '上海', '中国', '', 1403688807, 15, '2014-06-26 19:33:44');
